<?xml version="1.0" encoding="UTF-8"?>
<jcr:root xmlns:sling="http://sling.apache.org/jcr/sling/1.0"
	xmlns:jcr="http://www.jcp.org/jcr/1.0" xmlns:nt="http://www.jcp.org/jcr/nt/1.0"
	jcr:primaryType="nt:unstructured" jcr:title="Type de page"
	sling:resourceType="granite/ui/components/foundation/section">
	<layout jcr:primaryType="nt:unstructured"
			sling:resourceType="granite/ui/components/foundation/layouts/fixedcolumns"
			margin="{Boolean}false" type="nav"/>
	<items jcr:primaryType="nt:unstructured">
		<column jcr:primaryType="nt:unstructured"
				sling:resourceType="granite/ui/components/foundation/container">
			<items jcr:primaryType="nt:unstructured">
				<headertype jcr:primaryType="nt:unstructured"
							sling:resourceType="granite/ui/components/foundation/form/select"
							fieldLabel="Type de page" name="./pageType">
					<datasource jcr:primaryType="nt:unstructured"
								sling:resourceType="acs-commons/components/utilities/genericlist/datasource"
								path="/etc/acs-commons/lists/axa-converg-type-page"/>
				</headertype>
			</items>
		</column>
	</items>
</jcr:root>
